year,month,monthday,weekday,price
2014,1,2,5,4.60
2014,1,3,6,4.60
2014,1,4,7,4.60
2014,1,5,1,4.60
2014,1,6,2,4.60
2014,1,7,3,4.60
2014,1,8,4,4.60
2014,1,9,5,4.60
2014,1,10,6,4.60
2014,1,11,7,4.60
2014,1,12,1,4.60
2014,1,13,2,4.60
2014,1,14,3,4.60
2014,1,15,4,4.60
2014,1,16,5,4.60
2014,1,17,6,4.60
2014,1,18,7,4.60
2014,1,19,1,4.60
2014,1,20,2,4.60
2014,1,21,3,4.60
2014,1,22,4,4.60
2014,1,23,5,4.60
2014,1,24,6,4.60
2014,1,25,7,4.60
2014,1,26,1,4.60
2014,1,27,2,4.60
2014,1,28,3,4.60
2014,1,29,4,4.60
2014,1,30,5,4.60
2014,1,31,6,4.60
2014,2,1,7,4.60
2014,2,2,1,4.60
2014,2,3,2,4.60
2014,2,4,3,4.60
2014,2,5,4,4.60
2014,2,6,5,4.60
2014,2,7,6,4.60
2014,2,8,7,4.60
2014,2,9,1,4.60
2014,2,10,2,4.60
2014,2,11,3,4.60
2014,2,12,4,4.60
2014,2,13,5,4.60
2014,2,14,6,4.60
2014,2,15,7,4.61
2014,2,16,1,4.62
2014,2,17,2,4.62
2014,2,18,3,4.62
2014,2,19,4,4.62
2014,2,20,5,4.62
2014,2,21,6,4.62
2014,2,22,7,4.62
2014,2,23,1,4.62
2014,2,24,2,4.62
2014,2,25,3,4.62
2014,2,26,4,4.62
2014,2,27,5,4.62
2014,2,28,6,4.62
2014,3,1,7,4.62
2014,3,2,1,4.62
2014,3,3,2,4.62
2014,3,4,3,4.62
2014,3,5,4,4.62
2014,3,6,5,4.62
2014,3,7,6,4.62
2014,3,8,7,4.62
2014,3,9,1,4.62
2014,3,10,2,4.62
2014,3,11,3,4.62
2014,3,12,4,4.62
2014,3,13,5,4.62
2014,3,14,6,4.62
2014,3,15,7,4.62
2014,3,16,1,4.62
2014,3,17,2,4.62
2014,3,18,3,4.62
2014,3,19,4,4.62
2014,3,20,5,4.62
2014,3,21,6,4.62
2014,3,22,7,4.62
2014,3,23,1,4.62
2014,3,24,2,4.62
2014,3,25,3,4.62
2014,3,26,4,4.62
2014,3,27,5,4.62
2014,3,28,6,4.62
2014,3,29,7,4.62
2014,3,30,1,4.62
2014,3,31,2,4.62
2014,4,1,3,4.63
2014,4,2,4,4.63
2014,4,3,5,4.63
2014,4,4,6,4.63
2014,4,5,7,4.63
2014,4,6,1,4.63
2014,4,7,2,4.63
2014,4,8,3,4.63
2014,4,9,4,4.63
2014,4,10,5,4.63
2014,4,11,6,4.63
2014,4,12,7,4.63
2014,4,13,1,4.63
2014,4,14,2,4.63
2014,4,15,3,4.63
2014,4,16,4,4.63
2014,4,17,5,4.63
2014,4,18,6,4.63
2014,4,19,7,4.63
2014,4,20,1,4.63
2014,4,21,2,4.63
2014,4,22,3,4.63
2014,4,23,4,4.63
2014,4,24,5,4.63
2014,4,25,6,4.63
2014,4,26,7,4.63
2014,4,27,1,4.63
2014,4,28,2,4.63
2014,4,29,3,4.63
2014,4,30,4,4.63
2014,5,1,5,4.63
2014,5,2,6,4.63
2014,5,3,7,4.63
2014,5,4,1,4.63
2014,5,5,2,4.63
2014,5,6,3,4.63
2014,5,7,4,4.63
2014,5,8,5,4.63
2014,5,9,6,4.63
2014,5,10,7,4.63
2014,5,11,1,4.63
2014,5,12,2,4.63
2014,5,13,3,4.63
2014,5,14,4,4.63
2014,5,15,5,4.63
2014,5,16,6,4.63
2014,5,17,7,4.63
2014,5,18,1,4.63
2014,5,19,2,4.63
2014,5,20,3,4.63
2014,5,21,4,4.63
2014,5,22,5,4.63
2014,5,23,6,4.63
2014,5,24,7,4.63
2014,5,25,1,4.63
2014,5,26,2,4.63
2014,5,27,3,4.63
2014,5,28,4,4.63
2014,5,29,5,4.63
2014,5,30,6,4.63
2014,5,31,7,4.63
2014,6,1,1,4.63
2014,6,2,2,4.63
2014,6,3,3,4.63
2014,6,4,4,4.63
2014,6,5,5,4.63
2014,6,6,6,4.63
2014,6,7,7,4.63
2014,6,8,1,4.63
2014,6,9,2,4.63
2014,6,10,3,4.63
2014,6,11,4,4.63
2014,6,12,5,4.63
2014,6,13,6,4.55
2014,6,14,7,4.55
2014,6,15,1,4.55
2014,6,16,2,4.55
2014,6,17,3,4.55
2014,6,18,4,4.55
2014,6,19,5,4.55
2014,6,20,6,4.55
2014,6,21,7,4.55
2014,6,22,1,4.55
2014,6,23,2,4.55
2014,6,24,3,4.55
2014,6,25,4,4.55
2014,6,26,5,4.55
2014,6,27,6,4.55
2014,6,28,7,4.55
2014,6,29,1,4.55
2014,6,30,2,4.55
2014,7,1,3,4.55
2014,7,2,4,4.55
2014,7,3,5,4.55
2014,7,4,6,4.55
2014,7,5,7,4.55
2014,7,6,1,4.55
2014,7,7,2,4.55
2014,7,8,3,4.55
2014,7,9,4,4.55
2014,7,10,5,4.55
2014,7,11,6,4.55
2014,7,12,7,4.55
2014,7,13,1,4.55
2014,7,14,2,4.55
2014,7,15,3,4.55
2014,7,16,4,4.55
2014,7,17,5,4.55
2014,7,18,6,4.55
2014,7,19,7,4.55
2014,7,20,1,4.55
2014,7,21,2,4.55
2014,7,22,3,4.55
2014,7,23,4,4.55
2014,7,24,5,4.55
2014,7,25,6,4.55
2014,7,26,7,4.55
2014,7,27,1,4.55
2014,7,28,2,4.55
2014,7,29,3,4.55
2014,7,30,4,4.55
2014,7,31,5,4.55
2014,8,1,6,4.55
2014,8,2,7,4.55
2014,8,3,1,4.55
2014,8,4,2,4.55
2014,8,5,3,4.55
2014,8,6,4,4.55
2014,8,7,5,4.55
2014,8,8,6,4.55
2014,8,9,7,4.55
2014,8,10,1,4.55
2014,8,11,2,4.55
2014,8,12,3,4.60
2014,8,13,4,4.60
2014,8,14,5,4.60
2014,8,15,6,4.60
2014,8,16,7,4.60
2014,8,17,1,4.60
2014,8,18,2,4.60
2014,8,19,3,4.60
2014,8,20,4,4.60
2014,8,21,5,4.60
2014,8,22,6,4.60
2014,8,23,7,4.60
2014,8,24,1,4.60
2014,8,25,2,4.60
2014,8,26,3,4.60
2014,8,27,4,4.60
2014,8,28,5,4.60
2014,8,29,6,4.60
2014,8,30,7,4.60
2014,8,31,1,4.60
2014,9,1,2,4.60
2014,9,2,3,4.60
2014,9,3,4,4.60
2014,9,4,5,4.60
2014,9,5,6,4.60
2014,9,6,7,4.60
2014,9,7,1,4.60
2014,9,8,2,4.60
2014,9,9,3,4.60
2014,9,10,4,4.60
2014,9,11,5,4.60
2014,9,12,6,4.60
2014,9,13,7,4.60
2014,9,14,1,4.60
2014,9,15,2,4.60
2014,9,16,3,4.60
2014,9,17,4,4.60
2014,9,18,5,4.60
2014,9,19,6,4.60
2014,9,20,7,4.60
2014,9,21,1,4.60
2014,9,22,2,4.60
2014,9,23,3,4.60
2014,9,24,4,4.60
2014,9,25,5,4.60
2014,9,26,6,4.60
2014,9,27,7,4.60
2014,9,28,1,4.60
2014,9,29,2,4.60
2014,9,30,3,4.60
2014,10,1,4,4.60
2014,10,2,5,4.60
2014,10,3,6,4.60
2014,10,4,7,4.60
2014,10,5,1,4.60
2014,10,6,2,4.60
2014,10,7,3,4.60
2014,10,8,4,4.60
2014,10,9,5,4.60
2014,10,10,6,4.60
2014,10,11,7,4.60
2014,10,12,1,4.60
2014,10,13,2,4.60
2014,10,14,3,4.60
2014,10,15,4,4.60
2014,10,16,5,4.60
2014,10,17,6,4.60
2014,10,18,7,4.60
2014,10,19,1,4.60
2014,10,20,2,4.60
2014,10,21,3,4.60
2014,10,22,4,4.60
2014,10,23,5,4.60
2014,10,24,6,4.60
2014,10,25,7,4.60
2014,10,26,1,4.60
2014,10,27,2,4.60
2014,10,28,3,4.60
2014,10,29,4,4.60
2014,10,30,5,4.60
2014,10,31,6,4.60
2014,11,1,7,4.60
2014,11,2,1,4.60
2014,11,3,2,4.60
2014,11,4,3,4.60
2014,11,5,4,4.60
2014,11,6,5,4.60
2014,11,7,6,4.60
2014,11,8,7,4.60
2014,11,9,1,4.60
2014,11,10,2,4.60
2014,11,11,3,4.60
2014,11,12,4,4.60
2014,11,13,5,4.60
2014,11,14,6,4.60
2014,11,15,7,4.60
2014,11,16,1,4.60
2014,11,17,2,4.60
2014,11,18,3,4.60
2014,11,19,4,4.60
2014,11,20,5,4.60
2014,11,21,6,4.60
2014,11,22,7,4.60
2014,11,23,1,4.60
2014,11,24,2,4.60
2014,11,25,3,4.60
2014,11,26,4,4.60
2014,11,27,5,4.60
2014,11,28,6,4.60
2014,11,29,7,4.60
2014,11,30,1,4.60
2014,12,1,2,4.60
2014,12,2,3,4.60
2014,12,3,4,4.60
2014,12,4,5,4.60
2014,12,5,6,4.60
2014,12,6,7,4.60
2014,12,7,1,4.60
2014,12,8,2,4.60
2014,12,9,3,4.60
2014,12,10,4,4.60
2014,12,11,5,4.60
2014,12,12,6,4.60
2014,12,13,7,4.60
2014,12,14,1,4.60
2014,12,15,2,4.60
2014,12,16,3,4.60
2014,12,17,4,4.60
2014,12,18,5,4.60
2014,12,19,6,4.60
2014,12,20,7,4.60
2014,12,21,1,4.60
2014,12,22,2,4.60
2014,12,23,3,4.60
2014,12,24,4,4.60
2014,12,25,5,4.60
2014,12,26,6,4.60
2014,12,27,7,4.60
2014,12,28,1,4.60
2014,12,29,2,4.60
2014,12,30,3,4.60
2014,12,31,4,4.60
2015,1,1,5,4.62
2015,1,2,6,4.62
2015,1,3,7,4.62
2015,1,4,1,4.62
2015,1,5,2,4.62
2015,1,6,3,4.62
2015,1,7,4,4.62
2015,1,8,5,4.62
2015,1,9,6,4.62
2015,1,10,7,4.62
2015,1,11,1,4.62
2015,1,12,2,4.62
2015,1,13,3,4.62
2015,1,14,4,4.62
2015,1,15,5,4.62
2015,1,16,6,4.62
2015,1,17,7,4.65
2015,1,18,1,4.65
2015,1,19,2,4.65
2015,1,20,3,4.65
2015,1,21,4,4.65
2015,1,22,5,4.65
2015,1,23,6,4.65
2015,1,24,7,4.65
2015,1,25,1,4.65
2015,1,26,2,4.65
2015,1,27,3,4.65
2015,1,28,4,4.65
2015,1,29,5,4.65
2015,1,30,6,4.65
2015,1,31,7,4.65
2015,2,1,1,4.65
2015,2,2,2,4.65
2015,2,3,3,4.65
2015,2,4,4,4.65
2015,2,5,5,4.65
2015,2,6,6,4.65
2015,2,7,7,4.65
2015,2,8,1,4.65
2015,2,9,2,4.65
2015,2,10,3,4.65
2015,2,11,4,4.65
2015,2,12,5,4.65
2015,2,13,6,4.65
2015,2,14,7,4.65
2015,2,15,1,4.65
2015,2,16,2,4.65
2015,2,17,3,4.65
2015,2,18,4,4.65
2015,2,19,5,4.65
2015,2,20,6,4.65
2015,2,21,7,4.65
2015,2,22,1,4.65
2015,2,23,2,4.65
2015,2,24,3,4.65
2015,2,25,4,4.65
2015,2,26,5,4.65
2015,2,27,6,4.65
2015,2,28,7,4.65
2015,3,1,1,4.65
2015,3,2,2,4.65
2015,3,3,3,4.65
2015,3,4,4,4.65
2015,3,5,5,4.65
2015,3,6,6,4.65
2015,3,7,7,4.65
2015,3,8,1,4.65
2015,3,9,2,4.65
2015,3,10,3,4.65
2015,3,11,4,4.65
2015,3,12,5,4.65
2015,3,13,6,4.65
2015,3,14,7,4.65
2015,3,15,1,4.65
2015,3,16,2,4.65
2015,3,17,3,4.65
2015,3,18,4,4.65
2015,3,19,5,4.65
2015,3,20,6,4.65
2015,3,21,7,4.85
2015,3,22,1,4.85
2015,3,23,2,4.85
2015,3,24,3,4.85
2015,3,25,4,4.85
2015,3,26,5,4.85
2015,3,27,6,4.85
2015,3,28,7,4.85
2015,3,29,1,4.85
2015,3,30,2,4.85
2015,3,31,3,4.85
2015,4,1,4,4.85
2015,4,2,5,4.85
2015,4,3,6,4.85
2015,4,4,7,4.85
2015,4,5,1,4.85
2015,4,6,2,4.85
2015,4,7,3,4.85
2015,4,8,4,4.85
2015,4,9,5,4.85
2015,4,10,6,4.85
2015,4,11,7,4.85
2015,4,12,1,4.85
2015,4,13,2,4.85
2015,4,14,3,4.85
2015,4,15,4,4.85
2015,4,16,5,4.85
2015,4,17,6,4.85
2015,4,18,7,4.85
2015,4,19,1,4.85
2015,4,20,2,4.85
2015,4,21,3,4.85
2015,4,22,4,4.85
2015,4,23,5,4.85
2015,4,24,6,4.85
2015,4,25,7,4.85
2015,4,26,1,4.85
2015,4,27,2,4.85
2015,4,28,3,4.85
2015,4,29,4,4.85
2015,4,30,5,4.85
2015,5,1,6,4.85
2015,5,2,7,4.85
2015,5,3,1,4.85
2015,5,4,2,4.85
2015,5,5,3,4.85
2015,5,6,4,4.85
2015,5,7,5,4.85
2015,5,8,6,4.85
2015,5,9,7,4.85
2015,5,10,1,4.85
2015,5,11,2,4.85
2015,5,12,3,4.85
2015,5,13,4,4.85
2015,5,14,5,4.85
2015,5,15,6,4.85
2015,5,16,7,4.85
2015,5,17,1,4.85
2015,5,18,2,4.85
2015,5,19,3,4.85
2015,5,20,4,4.85
2015,5,21,5,4.85
2015,5,22,6,4.85
2015,5,23,7,4.85
2015,5,24,1,4.85
2015,5,25,2,4.85
2015,5,26,3,4.85
2015,5,27,4,4.85
2015,5,28,5,4.85
2015,5,29,6,4.85
2015,5,30,7,4.85
2015,5,31,1,4.85
2015,6,1,2,4.85
2015,6,2,3,4.85
2015,6,3,4,4.85
2015,6,4,5,4.85
2015,6,5,6,4.85
2015,6,6,7,4.85
2015,6,7,1,4.85
2015,6,8,2,4.85
2015,6,9,3,4.85
2015,6,10,4,4.85
2015,6,11,5,4.85
2015,6,12,6,4.85
2015,6,13,7,4.85
2015,6,14,1,4.85
2015,6,15,2,4.85
2015,6,16,3,4.85
2015,6,17,4,4.85
2015,6,18,5,4.85
2015,6,19,6,4.85
2015,6,20,7,4.85
2015,6,21,1,4.85
2015,6,22,2,4.85
2015,6,23,3,4.85
2015,6,24,4,4.75
2015,6,25,5,4.75
2015,6,26,6,4.75
2015,6,27,7,4.75
2015,6,28,1,4.75
2015,6,29,2,4.75
2015,6,30,3,4.75
2015,7,1,4,4.75
2015,7,2,5,4.85
2015,7,3,6,4.85
2015,7,4,7,4.85
2015,7,5,1,4.85
2015,7,6,2,4.85
2015,7,7,3,4.85
2015,7,8,4,4.85
2015,7,9,5,4.85
2015,7,10,6,4.85
2015,7,11,7,4.85
2015,7,12,1,4.85
2015,7,13,2,4.85
2015,7,14,3,4.85
2015,7,15,4,4.85
2015,7,16,5,4.85
2015,7,17,6,4.85
2015,7,18,7,4.85
2015,7,19,1,4.85
2015,7,20,2,4.85
2015,7,21,3,4.85
2015,7,22,4,4.85
2015,7,23,5,4.85
2015,7,24,6,4.85
2015,7,25,7,4.85
2015,7,26,1,4.85
2015,7,27,2,4.85
2015,7,28,3,4.85
2015,7,29,4,4.85
2015,7,30,5,4.85
2015,7,31,6,4.75
2015,8,1,7,4.75
2015,8,2,1,4.75
2015,8,3,2,4.75
2015,8,4,3,4.75
2015,8,5,4,4.75
2015,8,6,5,4.75
2015,8,7,6,4.75
2015,8,8,7,4.75
2015,8,9,1,4.75
2015,8,10,2,4.75
2015,8,11,3,4.75
2015,8,12,4,4.75
2015,8,13,5,4.75
2015,8,14,6,4.75
2015,8,15,7,4.75
2015,8,16,1,4.75
2015,8,17,2,4.75
2015,8,18,3,4.75
2015,8,19,4,4.75
2015,8,20,5,4.75
2015,8,21,6,4.75
2015,8,22,7,4.75
2015,8,23,1,4.75
2015,8,24,2,4.75
2015,8,25,3,4.75
2015,8,26,4,4.75
2015,8,27,5,4.75
2015,8,28,6,4.75
2015,8,29,7,4.75
2015,8,30,1,4.75
2015,8,31,2,4.75
2015,9,1,3,4.75
2015,9,2,4,5.00
2015,9,3,5,5.00
2015,9,4,6,5.00
2015,9,5,7,5.00
2015,9,6,1,5.00
2015,9,7,2,5.00
2015,9,8,3,5.00
2015,9,9,4,5.00
2015,9,10,5,5.00
2015,9,11,6,5.00
2015,9,12,7,5.00
2015,9,13,1,5.00
2015,9,14,2,5.00
2015,9,15,3,5.00
2015,9,16,4,5.00
2015,9,17,5,5.00
2015,9,18,6,5.00
2015,9,19,7,5.00
2015,9,20,1,5.00
2015,9,21,2,5.00
2015,9,22,3,5.00
2015,9,23,4,5.00
2015,9,24,5,5.00
2015,9,25,6,5.00
2015,9,26,7,5.00
2015,9,27,1,5.00
2015,9,28,2,5.00
2015,9,29,3,5.00
2015,9,30,4,5.00
2015,10,1,5,5.00
2015,10,2,6,5.00
2015,10,3,7,5.00
2015,10,4,1,5.00
2015,10,5,2,5.00
2015,10,6,3,5.00
2015,10,7,4,5.00
2015,10,8,5,5.00
2015,10,9,6,5.00
2015,10,10,7,5.00
2015,10,11,1,5.00
2015,10,12,2,5.00
2015,10,13,3,5.00
2015,10,14,4,5.00
2015,10,15,5,5.00
2015,10,16,6,5.00
2015,10,17,7,5.00
2015,10,18,1,5.00
2015,10,19,2,5.00
2015,10,20,3,5.00
2015,10,21,4,5.00
2015,10,22,5,5.00
2015,10,23,6,5.00
2015,10,24,7,5.00
2015,10,25,1,5.00
2015,10,26,2,5.00
2015,10,27,3,5.00
2015,10,28,4,5.00
2015,10,29,5,5.00
2015,10,30,6,5.00
2015,10,31,7,5.00
2015,11,1,1,5.00
2015,11,2,2,5.00
2015,11,3,3,5.00
2015,11,4,4,5.00
2015,11,5,5,5.00
2015,11,6,6,5.00
2015,11,7,7,5.00
2015,11,8,1,5.00
2015,11,9,2,5.00
2015,11,10,3,5.00
2015,11,11,4,5.00
2015,11,12,5,5.00
2015,11,13,6,5.00
2015,11,14,7,5.00
2015,11,15,1,5.00
2015,11,16,2,5.00
2015,11,17,3,5.00
2015,11,18,4,5.00
2015,11,19,5,5.00
2015,11,20,6,5.00
2015,11,21,7,5.00
2015,11,22,1,5.00
2015,11,23,2,5.00
2015,11,24,3,5.00
2015,11,25,4,5.00
2015,11,26,5,5.00
2015,11,27,6,5.00
2015,11,28,7,5.00
2015,11,29,1,5.00
2015,11,30,2,5.00
2015,12,1,3,5.00
2015,12,2,4,5.00
2015,12,3,5,5.00
2015,12,4,6,5.00
2015,12,5,7,5.00
2015,12,6,1,5.00
2015,12,7,2,5.00
2015,12,8,3,5.00
2015,12,9,4,5.00
2015,12,10,5,5.00
2015,12,11,6,5.00
2015,12,12,7,5.00
2015,12,13,1,5.00
2015,12,14,2,5.00
2015,12,15,3,5.00
2015,12,16,4,5.00
2015,12,17,5,5.00
2015,12,18,6,5.00
2015,12,19,7,5.00
2015,12,20,1,5.00
2015,12,21,2,5.00
2015,12,22,3,5.00
2015,12,23,4,5.00
2015,12,24,5,5.00
2015,12,25,6,5.00
2015,12,26,7,5.00
2015,12,27,1,5.00
2015,12,28,2,5.00
2015,12,29,3,5.00
2015,12,30,4,5.00
2015,12,31,5,5.00
2016,1,1,6,5.00
2016,1,2,7,4.80
2016,1,3,1,4.80
2016,1,4,2,4.80
2016,1,5,3,4.80
2016,1,6,4,4.80
2016,1,7,5,4.80
2016,1,8,6,4.80
2016,1,9,7,4.80
2016,1,10,1,4.80
2016,1,11,2,4.80
2016,1,12,3,4.80
2016,1,13,4,4.80
2016,1,14,5,4.80
2016,1,15,6,4.80
2016,1,16,7,4.80
2016,1,17,1,4.80
2016,1,18,2,4.80
2016,1,19,3,4.80
2016,1,20,4,4.80
2016,1,21,5,4.80
2016,1,22,6,4.80
2016,1,23,7,4.80
2016,1,24,1,4.80
2016,1,25,2,4.80
2016,1,26,3,4.80
2016,1,27,4,4.80
2016,1,28,5,4.80
2016,1,29,6,4.80
2016,1,30,7,4.80
2016,1,31,1,4.80
2016,2,1,2,4.80
2016,2,2,3,4.80
2016,2,3,4,4.80
2016,2,4,5,4.80
2016,2,5,6,4.80
2016,2,6,7,4.80
2016,2,7,1,4.80
2016,2,8,2,4.80
2016,2,9,3,4.80
2016,2,10,4,4.80
2016,2,11,5,4.80
2016,2,12,6,4.80
2016,2,13,7,4.80
2016,2,14,1,4.80
2016,2,15,2,4.80
2016,2,16,3,4.80
2016,2,17,4,4.80
2016,2,18,5,4.80
2016,2,19,6,4.80
2016,2,20,7,4.80
2016,2,21,1,4.80
2016,2,22,2,4.80
2016,2,23,3,4.80
2016,2,24,4,4.80
2016,2,25,5,4.80
2016,2,26,6,4.80
2016,2,27,7,4.80
2016,2,28,1,4.80
2016,2,29,2,4.80
2016,3,1,3,4.80
2016,3,2,4,4.80
2016,3,3,5,4.80
2016,3,4,6,4.80
2016,3,5,7,4.80
2016,3,6,1,4.80
2016,3,7,2,4.80
2016,3,8,3,4.80
2016,3,9,4,4.80
2016,3,10,5,4.80
2016,3,11,6,4.80
2016,3,12,7,4.80
2016,3,13,1,4.80
2016,3,14,2,4.80
2016,3,15,3,4.80
2016,3,16,4,4.80
2016,3,17,5,4.80
2016,3,18,6,4.80
2016,3,19,7,4.80
2016,3,20,1,4.80
2016,3,21,2,4.80
2016,3,22,3,4.80
2016,3,23,4,4.80
2016,3,24,5,4.80
2016,3,25,6,4.80
2016,3,26,7,4.80
2016,3,27,1,4.80
2016,3,28,2,4.80
2016,3,29,3,4.80
2016,3,30,4,4.80
2016,3,31,5,4.80
2016,4,1,6,4.80
2016,4,2,7,4.80
2016,4,3,1,4.80
2016,4,4,2,4.80
2016,4,5,3,4.80
2016,4,6,4,4.80
2016,4,7,5,4.80
2016,4,8,6,4.80
2016,4,9,7,4.80
2016,4,10,1,4.80
2016,4,11,2,4.80
2016,4,12,3,4.80
2016,4,13,4,4.80
2016,4,14,5,4.80
2016,4,15,6,4.80
2016,4,16,7,4.80
2016,4,17,1,4.80
2016,4,18,2,4.80
2016,4,19,3,4.80
2016,4,20,4,4.80
2016,4,21,5,4.80
2016,4,22,6,4.80
2016,4,23,7,4.80
2016,4,24,1,4.80
2016,4,25,2,4.80
2016,4,26,3,4.80
2016,4,27,4,4.80
2016,4,28,5,4.80
2016,4,29,6,4.80
2016,4,30,7,4.80
2016,5,1,1,4.80
2016,5,2,2,4.80
2016,5,3,3,4.80
2016,5,4,4,4.80
2016,5,5,5,4.80
2016,5,6,6,4.80
2016,5,7,7,4.80
2016,5,8,1,4.80
2016,5,9,2,4.80
2016,5,10,3,4.80
2016,5,11,4,4.80
2016,5,12,5,4.80
2016,5,13,6,4.80
2016,5,14,7,4.80
2016,5,15,1,4.80
2016,5,16,2,4.80
2016,5,17,3,4.80
2016,5,18,4,4.80
2016,5,19,5,4.80
2016,5,20,6,4.80
2016,5,21,7,4.80
2016,5,22,1,4.80
2016,5,23,2,4.80
2016,5,24,3,4.80
2016,5,25,4,4.80
2016,5,26,5,4.80
2016,5,27,6,4.80
2016,5,28,7,4.80
2016,5,29,1,4.80
2016,5,30,2,4.80
2016,5,31,3,4.80
2016,6,1,4,4.80
2016,6,2,5,4.80
2016,6,3,6,4.80
2016,6,4,7,4.80
2016,6,5,1,4.80
2016,6,6,2,4.80
2016,6,7,3,4.80
2016,6,8,4,4.80
2016,6,9,5,4.80
2016,6,10,6,4.80
2016,6,11,7,4.80
2016,6,12,1,4.80
2016,6,13,2,4.80
2016,6,14,3,4.80
2016,6,15,4,4.80
2016,6,16,5,4.80
2016,6,17,6,4.80
2016,6,18,7,4.80
2016,6,19,1,4.80
2016,6,20,2,4.80
2016,6,21,3,4.80
2016,6,22,4,4.80
2016,6,23,5,4.80
2016,6,24,6,4.80
2016,6,25,7,4.80
2016,6,26,1,4.80
2016,6,27,2,4.80
2016,6,28,3,4.80
2016,6,29,4,4.80
2016,6,30,5,4.80
2016,7,1,6,4.80
2016,7,2,7,4.80
2016,7,3,1,4.80
2016,7,4,2,4.80
2016,7,5,3,4.80
2016,7,6,4,4.80
2016,7,7,5,4.80
2016,7,8,6,4.80
2016,7,9,7,4.80
2016,7,10,1,4.80
2016,7,11,2,4.80
2016,7,12,3,4.80
2016,7,13,4,4.80
2016,7,14,5,4.80
2016,7,15,6,4.80
2016,7,16,7,4.80
2016,7,17,1,4.80
2016,7,18,2,4.80
2016,7,19,3,4.80
2016,7,20,4,4.80
2016,7,21,5,4.80
2016,7,22,6,4.80
2016,7,23,7,4.80
2016,7,24,1,4.80
2016,7,25,2,4.80
2016,7,26,3,4.80
2016,7,27,4,4.80
2016,7,28,5,4.80
2016,7,29,6,4.80
2016,7,30,7,4.80
2016,7,31,1,4.80
2016,8,1,2,4.80
2016,8,2,3,4.80
2016,8,3,4,4.80
2016,8,4,5,4.80
2016,8,5,6,4.80
2016,8,6,7,4.80
2016,8,7,1,4.80
2016,8,8,2,4.80
2016,8,9,3,4.80
2016,8,10,4,4.80
2016,8,11,5,4.80
2016,8,12,6,4.80
2016,8,13,7,4.80
2016,8,14,1,4.80
2016,8,15,2,4.80
2016,8,16,3,4.80
2016,8,17,4,4.80
2016,8,18,5,4.80
2016,8,19,6,4.80
2016,8,20,7,4.80
2016,8,21,1,4.80
2016,8,22,2,4.80
2016,8,23,3,4.80
2016,8,24,4,4.80
2016,8,25,5,4.80
2016,8,26,6,4.80
2016,8,27,7,4.80
2016,8,28,1,4.80
2016,8,29,2,4.80
2016,8,30,3,4.80
2016,8,31,4,4.80
2016,9,1,5,4.80
2016,9,2,6,4.80
2016,9,3,7,4.80
2016,9,4,1,4.80
2016,9,5,2,4.80
2016,9,6,3,4.80
2016,9,7,4,4.80
2016,9,8,5,4.80
2016,9,9,6,4.80
2016,9,10,7,4.80
2016,9,11,1,4.80
2016,9,12,2,4.80
2016,9,13,3,4.80
2016,9,14,4,4.80
2016,9,15,5,4.80
2016,9,16,6,4.80
2016,9,17,7,4.80
2016,9,18,1,4.80
2016,9,19,2,4.80
2016,9,20,3,4.80
2016,9,21,4,4.80
2016,9,22,5,4.80
2016,9,23,6,4.80
2016,9,24,7,4.80
2016,9,25,1,4.80
2016,9,26,2,4.80
2016,9,27,3,4.80
2016,9,28,4,4.80
2016,9,29,5,4.80
2016,9,30,6,4.80
2016,10,1,7,4.80
2016,10,2,1,4.80
2016,10,3,2,4.80
2016,10,4,3,4.80
2016,10,5,4,4.80
2016,10,6,5,4.80
2016,10,7,6,4.80
2016,10,8,7,4.80
2016,10,9,1,4.80
2016,10,10,2,4.80
2016,10,11,3,4.80
2016,10,12,4,4.80
2016,10,13,5,4.80
2016,10,14,6,4.80
2016,10,15,7,4.80
2016,10,16,1,4.80
2016,10,17,2,4.80
2016,10,18,3,4.80
2016,10,19,4,4.80
2016,10,20,5,4.80
2016,10,21,6,4.80
2016,10,22,7,4.80
2016,10,23,1,4.80
2016,10,24,2,4.80
2016,10,25,3,4.80
2016,10,26,4,4.80
2016,10,27,5,4.80
2016,10,28,6,4.80
2016,10,29,7,4.80
2016,10,30,1,4.80
2016,10,31,2,4.80
2016,11,1,3,4.80
2016,11,2,4,4.80
2016,11,3,5,4.80
2016,11,4,6,4.80
2016,11,5,7,4.80
2016,11,6,1,4.80
2016,11,7,2,4.80
2016,11,8,3,4.80
2016,11,9,4,4.80
2016,11,10,5,4.80
2016,11,11,6,4.80
2016,11,12,7,4.80
2016,11,13,1,4.80
2016,11,14,2,4.80
2016,11,15,3,4.80
2016,11,16,4,4.80
2016,11,17,5,4.80
2016,11,18,6,4.80
2016,11,19,7,4.80
2016,11,20,1,4.80
2016,11,21,2,4.80
2016,11,22,3,4.80
2016,11,23,4,4.80
2016,11,24,5,4.80
2016,11,25,6,4.80
2016,11,26,7,4.80
2016,11,27,1,4.80
2016,11,28,2,4.80
2016,11,29,3,4.80
2016,11,30,4,4.80
2016,12,1,5,4.80
2016,12,2,6,4.80
2016,12,3,7,4.80
2016,12,4,1,4.80
2016,12,5,2,4.80
2016,12,6,3,4.80
2016,12,7,4,4.80
2016,12,8,5,4.80
2016,12,9,6,4.80
2016,12,10,7,4.80
2016,12,11,1,4.80
2016,12,12,2,4.80
2016,12,13,3,4.80
2016,12,14,4,4.80
2016,12,15,5,4.80
2016,12,16,6,4.80
2016,12,17,7,4.80
2016,12,18,1,4.80
2016,12,19,2,4.80
2016,12,20,3,4.80
2016,12,21,4,4.80
2016,12,22,5,4.80
2016,12,23,6,4.80
2016,12,24,7,4.80
2016,12,25,1,4.80
2016,12,26,2,4.80
2016,12,27,3,4.80
2016,12,28,4,4.80
2016,12,29,5,4.80
2016,12,30,6,4.80
2016,12,31,7,4.80
2017,1,1,1,4.80
2017,1,2,2,4.80
2017,1,3,3,4.80
2017,1,4,4,4.80
2017,1,5,5,4.80
2017,1,6,6,4.80
2017,1,7,7,4.80
2017,1,8,1,4.80
2017,1,9,2,4.80
2017,1,10,3,4.80
2017,1,11,4,4.80
2017,1,12,5,4.80
2017,1,13,6,4.80
2017,1,14,7,4.80
2017,1,15,1,4.80
2017,1,16,2,4.80
2017,1,17,3,4.80
2017,1,18,4,4.80
2017,1,19,5,4.80
2017,1,20,6,4.80
2017,1,21,7,4.80
2017,1,22,1,4.80
2017,1,23,2,4.80
2017,1,24,3,4.80
2017,1,25,4,4.80
2017,1,26,5,4.86
2017,1,27,6,4.91
2017,1,28,7,4.97
2017,1,29,1,5.03
2017,1,30,2,5.09
2017,1,31,3,5.14
2017,2,1,4,5.20
2017,2,2,5,5.26
2017,2,3,6,5.31
2017,2,4,7,5.37
2017,2,5,1,5.43
2017,2,6,2,5.49
2017,2,7,3,5.54
2017,2,8,4,5.60
2017,2,9,5,5.60
2017,2,10,6,5.60
2017,2,11,7,5.60
2017,2,12,1,5.60
2017,2,13,2,5.60
2017,2,14,3,5.60
2017,2,15,4,5.60
2017,2,16,5,5.60
2017,2,17,6,5.60
2017,2,18,7,5.60
2017,2,19,1,5.60
2017,2,20,2,5.60
2017,2,21,3,5.60
2017,2,22,4,5.60
2017,2,23,5,5.60
2017,2,24,6,5.60
2017,2,25,7,5.60
2017,2,26,1,5.60
2017,2,27,2,5.60
2017,2,28,3,5.60
2017,3,1,4,5.60
2017,3,2,5,5.60
2017,3,3,6,5.60
2017,3,4,7,5.60
2017,3,5,1,5.60
2017,3,6,2,5.60
2017,3,7,3,5.60
2017,3,8,4,5.60
2017,3,9,5,5.60
2017,3,10,6,5.60
2017,3,11,7,5.60
2017,3,12,1,5.60
2017,3,13,2,5.60
2017,3,14,3,5.60
2017,3,15,4,5.60
2017,3,16,5,5.60
2017,3,17,6,5.60
2017,3,18,7,5.60
2017,3,19,1,5.60
2017,3,20,2,5.60
2017,3,21,3,5.60
2017,3,22,4,5.60
2017,3,23,5,5.60
2017,3,24,6,5.60
2017,3,25,7,5.60
2017,3,26,1,5.60
2017,3,27,2,5.60
2017,3,28,3,5.60
2017,3,29,4,5.60
2017,3,30,5,5.60
2017,3,31,6,5.60
2017,4,1,7,5.60
2017,4,2,1,5.60
2017,4,3,2,5.60
2017,4,4,3,5.60
2017,4,5,4,5.60
2017,4,6,5,5.60
2017,4,7,6,5.60
2017,4,8,7,5.60
2017,4,9,1,5.60
2017,4,10,2,5.60
2017,4,11,3,5.90
2017,4,12,4,5.90
2017,4,13,5,5.90
2017,4,14,6,5.90
2017,4,15,7,5.90
2017,4,16,1,5.90
2017,4,17,2,5.90
2017,4,18,3,5.90
2017,4,19,4,5.90
2017,4,20,5,5.90
2017,4,21,6,5.90
2017,4,22,7,5.90
2017,4,23,1,5.90
2017,4,24,2,5.90
2017,4,25,3,5.90
2017,4,26,4,5.90
2017,4,27,5,5.90
2017,4,28,6,5.90
2017,4,29,7,5.90
2017,4,30,1,5.90
2017,5,1,2,5.90
2017,5,2,3,5.90
2017,5,3,4,5.90
2017,5,4,5,5.90
2017,5,5,6,5.90
2017,5,6,7,5.90
2017,5,7,1,5.90
2017,5,8,2,5.90
2017,5,9,3,5.90
2017,5,10,4,5.90
2017,5,11,5,5.90
2017,5,12,6,5.90
2017,5,13,7,5.90
2017,5,14,1,5.90
2017,5,15,2,5.90
2017,5,16,3,5.90
2017,5,17,4,5.90
2017,5,18,5,5.90
2017,5,19,6,5.90
2017,5,20,7,5.90
2017,5,21,1,5.90
2017,5,22,2,5.90
2017,5,23,3,5.90
2017,5,24,4,5.90
2017,5,25,5,5.90
2017,5,26,6,5.90
2017,5,27,7,5.90
2017,5,28,1,5.90
2017,5,29,2,5.90
2017,5,30,3,5.90
2017,5,31,4,5.90
2017,6,1,5,5.90
2017,6,2,6,5.90
2017,6,3,7,5.90
2017,6,4,1,5.90
2017,6,5,2,5.90
2017,6,6,3,5.90
2017,6,7,4,5.90
2017,6,8,5,5.90
2017,6,9,6,5.90
2017,6,10,7,5.90
2017,6,11,1,5.90
2017,6,12,2,5.90
2017,6,13,3,5.90
2017,6,14,4,5.90
2017,6,15,5,5.90
2017,6,16,6,5.90
2017,6,17,7,5.90
2017,6,18,1,5.90
2017,6,19,2,5.90
2017,6,20,3,5.90
2017,6,21,4,5.90
2017,6,22,5,5.90
2017,6,23,6,5.90
2017,6,24,7,5.90
2017,6,25,1,5.90
2017,6,26,2,5.90
2017,6,27,3,5.90
2017,6,28,4,5.90
2017,6,29,5,5.90
2017,6,30,6,5.90
2017,7,1,7,5.90
2017,7,2,1,5.90
2017,7,3,2,5.90
2017,7,4,3,5.90
2017,7,5,4,5.90
2017,7,6,5,5.90
2017,7,7,6,5.90
2017,7,8,7,5.90
2017,7,9,1,5.90
2017,7,10,2,5.90
2017,7,11,3,5.90
2017,7,12,4,5.90
2017,7,13,5,5.90
2017,7,14,6,5.90
2017,7,15,7,5.90
2017,7,16,1,5.90
2017,7,17,2,5.90
2017,7,18,3,5.90
2017,7,19,4,5.90
2017,7,20,5,5.90
2017,7,21,6,5.90
2017,7,22,7,5.90
2017,7,23,1,5.90
2017,7,24,2,5.90
2017,7,25,3,5.90
2017,7,26,4,5.90
2017,7,27,5,5.90
2017,7,28,6,5.90
2017,7,29,7,5.90
2017,7,30,1,5.90
2017,7,31,2,5.90
2017,8,1,3,5.90
2017,8,2,4,5.90
2017,8,3,5,5.90
2017,8,4,6,5.90
2017,8,5,7,5.90
2017,8,6,1,5.90
2017,8,7,2,5.90
2017,8,8,3,5.90
2017,8,9,4,5.90
2017,8,10,5,5.90
2017,8,11,6,5.90
2017,8,12,7,5.90
2017,8,13,1,5.90
2017,8,14,2,5.90
2017,8,15,3,5.90
2017,8,16,4,5.90
2017,8,17,5,4.78
2017,8,18,6,4.78
2017,8,19,7,4.78
2017,8,20,1,4.78
2017,8,21,2,4.78
2017,8,22,3,4.78
2017,8,23,4,4.78
2017,8,24,5,4.78
2017,8,25,6,4.78
2017,8,26,7,4.78
2017,8,27,1,4.78
2017,8,28,2,4.78
2017,8,29,3,4.78
2017,8,30,4,4.78
2017,8,31,5,4.78
2017,9,1,6,4.78
2017,9,2,7,4.78
2017,9,3,1,4.78
2017,9,4,2,4.78
2017,9,5,3,4.78
2017,9,6,4,4.78
2017,9,7,5,4.78
2017,9,8,6,4.78
2017,9,9,7,4.78
2017,9,10,1,4.78
2017,9,11,2,4.78
2017,9,12,3,4.78
2017,9,13,4,4.78
2017,9,14,5,4.78
2017,9,15,6,4.78
2017,9,16,7,4.78
2017,9,17,1,4.78
2017,9,18,2,4.78
2017,9,19,3,4.78
2017,9,20,4,4.78
2017,9,21,5,4.78
2017,9,22,6,4.78
2017,9,23,7,4.78
2017,9,24,1,4.78
2017,9,25,2,4.78
2017,9,26,3,4.78
2017,9,27,4,4.78
2017,9,28,5,4.78
2017,9,29,6,4.78
2017,9,30,7,4.78
2017,10,1,1,4.78
2017,10,2,2,4.78
2017,10,3,3,4.78
2017,10,4,4,4.78
2017,10,5,5,4.78
2017,10,6,6,4.78
2017,10,7,7,4.78
2017,10,8,1,4.78
2017,10,9,2,4.78
2017,10,10,3,4.78
2017,10,11,4,4.78
2017,10,12,5,4.78
2017,10,13,6,4.78
2017,10,14,7,4.78
2017,10,15,1,4.78
2017,10,16,2,4.78
2017,10,17,3,4.78
2017,10,18,4,4.78
2017,10,19,5,4.78
2017,10,20,6,4.78
2017,10,21,7,4.78
2017,10,22,1,4.78
2017,10,23,2,4.78
2017,10,24,3,4.78
2017,10,25,4,4.78
2017,10,26,5,4.78
2017,10,27,6,4.78
2017,10,28,7,4.78
2017,10,29,1,4.78
2017,10,30,2,4.78
2017,10,31,3,4.78
2017,11,1,4,4.78
2017,11,2,5,4.78
2017,11,3,6,4.78
2017,11,4,7,4.78
2017,11,5,1,4.78
2017,11,6,2,4.78
2017,11,7,3,4.78
2017,11,8,4,4.78
2017,11,9,5,4.78
2017,11,10,6,4.78
2017,11,11,7,4.78
2017,11,12,1,4.78
2017,11,13,2,4.78
2017,11,14,3,4.78
2017,11,15,4,4.78
2017,11,16,5,4.78
2017,11,17,6,4.78
2017,11,18,7,4.78
2017,11,19,1,4.78
2017,11,20,2,4.78
2017,11,21,3,4.78
2017,11,22,4,4.78
2017,11,23,5,4.78
2017,11,24,6,4.78
2017,11,25,7,4.78
2017,11,26,1,4.78
2017,11,27,2,4.78
2017,11,28,3,4.78
2017,11,29,4,4.78
2017,11,30,5,4.78
2017,12,1,6,4.78
2017,12,2,7,4.78
2017,12,3,1,4.78
2017,12,4,2,4.78
2017,12,5,3,4.78
2017,12,6,4,4.78
2017,12,7,5,4.78
2017,12,8,6,4.78
2017,12,9,7,4.78
2017,12,10,1,4.78
2017,12,11,2,4.78
2017,12,12,3,4.78
2017,12,13,4,4.78
2017,12,14,5,4.78
2017,12,15,6,4.78
2017,12,16,7,4.78
2017,12,17,1,4.78
2017,12,18,2,4.78
2017,12,19,3,4.78
2017,12,20,4,4.78
2017,12,21,5,4.78
2017,12,22,6,4.78
2017,12,23,7,4.78
2017,12,24,1,4.78
2017,12,25,2,4.78
2017,12,26,3,4.78
2017,12,27,4,4.78
2017,12,28,5,4.78
2017,12,29,6,4.78
2017,12,30,7,4.78
2017,12,31,1,4.78
2018,1,1,2,4.78
2018,1,2,3,4.70
2018,1,3,4,4.70
2018,1,4,5,4.70
2018,1,5,6,4.70
2018,1,6,7,4.70
2018,1,7,1,4.70
2018,1,8,2,4.70
2018,1,9,3,4.70
2018,1,10,4,4.70
2018,1,11,5,4.70
2018,1,12,6,4.70
2018,1,13,7,4.70
2018,1,14,1,4.70
2018,1,15,2,4.70
2018,1,16,3,4.70
2018,1,17,4,4.70
2018,1,18,5,4.70
2018,1,19,6,4.70
2018,1,20,7,4.70
2018,1,21,1,4.70
2018,1,22,2,4.70
2018,1,23,3,4.70
2018,1,24,4,4.70
2018,1,25,5,4.70
2018,1,26,6,4.70
2018,1,27,7,4.70
2018,1,28,1,4.70
2018,1,29,2,4.70
2018,1,30,3,4.70
2018,1,31,4,4.70
2018,2,1,5,4.73
2018,2,2,6,4.75
2018,2,3,7,4.75
2018,2,4,1,4.75
2018,2,5,2,4.75
2018,2,6,3,4.75
2018,2,7,4,4.75
2018,2,8,5,4.75
2018,2,9,6,4.75
2018,2,10,7,4.75
2018,2,11,1,4.75
2018,2,12,2,4.75
2018,2,13,3,4.75
2018,2,14,4,4.75
2018,2,15,5,4.75
2018,2,16,6,4.75
2018,2,17,7,4.75
2018,2,18,1,4.75
2018,2,19,2,4.75
2018,2,20,3,4.75
2018,2,21,4,4.75
2018,2,22,5,4.75
2018,2,23,6,4.75
2018,2,24,7,4.75
2018,2,25,1,4.75
2018,2,26,2,4.75
2018,2,27,3,4.75
2018,2,28,4,4.75
2018,3,1,5,4.75
2018,3,2,6,4.75
2018,3,3,7,4.75
2018,3,4,1,4.75
2018,3,5,2,4.75
2018,3,6,3,4.75
2018,3,7,4,4.75
2018,3,8,5,4.75
2018,3,9,6,4.75
2018,3,10,7,4.75
2018,3,11,1,4.75
2018,3,12,2,4.75
2018,3,13,3,4.75
2018,3,14,4,4.75
2018,3,15,5,4.75
2018,3,16,6,4.75
2018,3,17,7,4.75
2018,3,18,1,4.75
2018,3,19,2,4.75
2018,3,20,3,4.75
2018,3,21,4,4.75
2018,3,22,5,4.75
2018,3,23,6,4.75
2018,3,24,7,4.75
2018,3,25,1,4.75
2018,3,26,2,4.75
2018,3,27,3,4.75
2018,3,28,4,4.75
2018,3,29,5,4.75
2018,3,30,6,4.75
2018,3,31,7,4.75
2018,4,1,1,4.75
2018,4,2,2,4.75
2018,4,3,3,4.75
2018,4,4,4,4.75
2018,4,5,5,4.75
2018,4,6,6,4.75
2018,4,7,7,4.75
2018,4,8,1,4.75
2018,4,9,2,4.75
2018,4,10,3,4.75
2018,4,11,4,4.75
2018,4,12,5,4.75
2018,4,13,6,4.75
2018,4,14,7,4.75
2018,4,15,1,4.75
2018,4,16,2,4.75
2018,4,17,3,4.75
2018,4,18,4,4.75
2018,4,19,5,4.75
2018,4,20,6,4.75
2018,4,21,7,4.75
2018,4,22,1,4.75
2018,4,23,2,4.75
2018,4,24,3,4.75
2018,4,25,4,4.75
2018,4,26,5,4.75
2018,4,27,6,4.75
2018,4,28,7,4.75
2018,4,29,1,4.75
2018,4,30,2,4.75
2018,5,1,3,4.75
2018,5,2,4,4.75
2018,5,3,5,4.75
2018,5,4,6,4.75
2018,5,5,7,4.75
2018,5,6,1,4.75
2018,5,7,2,4.75
2018,5,8,3,4.75
2018,5,9,4,4.75
2018,5,10,5,4.75
2018,5,11,6,4.75
2018,5,12,7,4.75
2018,5,13,1,4.75
2018,5,14,2,4.75
2018,5,15,3,4.75
2018,5,16,4,4.75
2018,5,17,5,4.75
2018,5,18,6,4.75
2018,5,19,7,4.75
2018,5,20,1,4.75
2018,5,21,2,4.75
2018,5,22,3,4.75
2018,5,23,4,4.75
2018,5,24,5,4.75
2018,5,25,6,4.75
2018,5,26,7,4.75
2018,5,27,1,4.75
2018,5,28,2,4.75
2018,5,29,3,4.75
2018,5,30,4,4.75
2018,5,31,5,4.75
2018,6,1,6,4.75
2018,6,2,7,4.75
2018,6,3,1,4.75
2018,6,4,2,4.75
2018,6,5,3,4.75
2018,6,6,4,4.75
2018,6,7,5,4.75
2018,6,8,6,4.75
2018,6,9,7,4.75
2018,6,10,1,4.75
2018,6,11,2,4.75
2018,6,12,3,4.75
2018,6,13,4,4.75
2018,6,14,5,4.75
2018,6,15,6,4.75
2018,6,16,7,4.75
2018,6,17,1,4.75
2018,6,18,2,4.75
2018,6,19,3,4.75
2018,6,20,4,4.75
2018,6,21,5,4.75
2018,6,22,6,4.75
2018,6,23,7,4.75
2018,6,24,1,4.75
2018,6,25,2,4.75
2018,6,26,3,4.75
2018,6,27,4,4.75
2018,6,28,5,4.75
2018,6,29,6,4.75
2018,6,30,7,4.75
2018,7,1,1,4.75
2018,7,2,2,4.75
2018,7,3,3,4.75
2018,7,4,4,4.75
2018,7,5,5,4.75
2018,7,6,6,4.75
2018,7,7,7,4.75
2018,7,8,1,4.75
2018,7,9,2,4.75
2018,7,10,3,4.75
2018,7,11,4,4.75
2018,7,12,5,4.75
2018,7,13,6,4.75
2018,7,14,7,4.75
2018,7,15,1,4.75
2018,7,16,2,4.75
2018,7,17,3,4.75
2018,7,18,4,4.75
2018,7,19,5,4.75
2018,7,20,6,4.75
2018,7,21,7,4.75
2018,7,22,1,4.75
2018,7,23,2,4.75
2018,7,24,3,4.75
2018,7,25,4,4.75
2018,7,26,5,4.75
2018,7,27,6,4.75
2018,7,28,7,4.75
2018,7,29,1,4.75
2018,7,30,2,4.75
2018,7,31,3,4.75
2018,8,1,4,4.75
2018,8,2,5,4.75
2018,8,3,6,4.75
2018,8,4,7,4.75
2018,8,5,1,4.75
2018,8,6,2,4.75
2018,8,7,3,4.75
2018,8,8,4,4.75
2018,8,9,5,4.75
2018,8,10,6,4.75
2018,8,11,7,4.75
2018,8,12,1,4.75
2018,8,13,2,4.75
2018,8,14,3,4.75
2018,8,15,4,4.75
2018,8,16,5,4.75
2018,8,17,6,4.75
2018,8,18,7,4.75
2018,8,19,1,4.75
2018,8,20,2,4.75
2018,8,21,3,4.75
2018,8,22,4,4.75
2018,8,23,5,4.75
2018,8,24,6,4.75
2018,8,25,7,4.75
2018,8,26,1,4.75
2018,8,27,2,4.75
2018,8,28,3,4.75
2018,8,29,4,4.75
2018,8,30,5,4.75
2018,8,31,6,4.75
2018,9,1,7,4.75
2018,9,2,1,4.75
2018,9,3,2,4.75
2018,9,4,3,4.75
2018,9,5,4,4.75
2018,9,6,5,4.75
2018,9,7,6,4.75
2018,9,8,7,4.75
2018,9,9,1,4.75
2018,9,10,2,4.75
2018,9,11,3,4.75
2018,9,12,4,4.75
2018,9,13,5,4.75
2018,9,14,6,4.75
2018,9,15,7,4.75
2018,9,16,1,4.75
2018,9,17,2,4.75
2018,9,18,3,4.75
2018,9,19,4,4.75
2018,9,20,5,4.75
2018,9,21,6,4.75
2018,9,22,7,4.75
2018,9,23,1,4.75
2018,9,24,2,4.75
2018,9,25,3,4.75
2018,9,26,4,4.75
2018,9,27,5,4.75
2018,9,28,6,4.75
2018,9,29,7,4.75
2018,9,30,1,4.75
2018,10,1,2,4.75
2018,10,2,3,4.75
2018,10,3,4,4.75
2018,10,4,5,4.75
2018,10,5,6,4.75
2018,10,6,7,4.75
2018,10,7,1,4.75
2018,10,8,2,4.75
2018,10,9,3,4.75
2018,10,10,4,4.75
2018,10,11,5,4.75
2018,10,12,6,4.75
2018,10,13,7,4.75
2018,10,14,1,4.75
2018,10,15,2,4.75
2018,10,16,3,4.75
2018,10,17,4,4.75
2018,10,18,5,4.75
2018,10,19,6,4.75
2018,10,20,7,4.75
2018,10,21,1,4.75
2018,10,22,2,4.75
2018,10,23,3,4.75
2018,10,24,4,4.75
2018,10,25,5,4.75
2018,10,26,6,4.75
2018,10,27,7,4.75
2018,10,28,1,4.75
2018,10,29,2,4.75
2018,10,30,3,4.75
2018,10,31,4,4.75
2018,11,1,5,4.75
2018,11,2,6,4.75
2018,11,3,7,4.75
2018,11,4,1,4.75
2018,11,5,2,4.75
2018,11,6,3,4.75
2018,11,7,4,4.75
2018,11,8,5,4.75
2018,11,9,6,4.75
2018,11,10,7,4.75
2018,11,11,1,4.75
2018,11,12,2,4.75
2018,11,13,3,4.75
2018,11,14,4,4.75
2018,11,15,5,4.75
2018,11,16,6,4.75
2018,11,17,7,4.75
2018,11,18,1,4.75
2018,11,19,2,4.75
2018,11,20,3,4.75
2018,11,21,4,4.75
2018,11,22,5,4.75
2018,11,23,6,4.75
2018,11,24,7,4.75
2018,11,25,1,4.75
2018,11,26,2,4.75
2018,11,27,3,4.75
2018,11,28,4,4.75
2018,11,29,5,4.75
2018,11,30,6,4.75
2018,12,1,7,4.75
2018,12,2,1,4.75
2018,12,3,2,4.75
2018,12,4,3,4.75
2018,12,5,4,4.75
2018,12,6,5,4.75
2018,12,7,6,4.75
2018,12,8,7,4.75
2018,12,9,1,4.75
2018,12,10,2,4.75
2018,12,11,3,4.75
2018,12,12,4,4.75
2018,12,13,5,4.75
2018,12,14,6,4.75
2018,12,15,7,4.75
2018,12,16,1,4.75
2018,12,17,2,4.75
2018,12,18,3,4.75
2018,12,19,4,4.75
2018,12,20,5,4.75
2018,12,21,6,4.75
2018,12,22,7,4.75
2018,12,23,1,4.75
2018,12,24,2,4.75
2018,12,25,3,4.75
2018,12,26,4,4.75
2018,12,27,5,4.75
2018,12,28,6,4.75
2018,12,29,7,4.75
2018,12,30,1,4.75
2018,12,31,2,4.75
2019,1,1,3,4.75
2019,1,2,4,4.75
2019,1,3,5,4.75
2019,1,4,6,4.75
2019,1,5,7,4.75
2019,1,6,1,4.75
2019,1,7,2,4.75
2019,1,8,3,4.75
2019,1,9,4,4.75
2019,1,10,5,4.75
2019,1,11,6,4.75
2019,1,12,7,4.75
2019,1,13,1,4.75
2019,1,14,2,4.75
2019,1,15,3,4.75
2019,1,16,4,4.75
2019,1,17,5,4.75
2019,1,18,6,4.75
2019,1,19,7,4.75
2019,1,20,1,4.75
2019,1,21,2,4.75
2019,1,22,3,4.75
2019,1,23,4,4.75
2019,1,24,5,4.75
2019,1,25,6,4.75
2019,1,26,7,4.75
2019,1,27,1,4.75
2019,1,28,2,4.75
2019,1,29,3,4.75
2019,1,30,4,4.75
2019,1,31,5,4.75
2019,2,1,6,4.75
2019,2,2,7,4.75
2019,2,3,1,4.85
2019,2,4,2,4.95
2019,2,5,3,5.04
2019,2,6,4,5.14
2019,2,7,5,5.24
2019,2,8,6,5.34
2019,2,9,7,5.43
2019,2,10,1,5.53
2019,2,11,2,5.63
2019,2,12,3,5.63
2019,2,13,4,5.63
2019,2,14,5,5.63
2019,2,15,6,5.63
2019,2,16,7,5.63
2019,2,17,1,5.63
2019,2,18,2,5.63
2019,2,19,3,5.63
2019,2,20,4,5.63
2019,2,21,5,5.63
2019,2,22,6,5.63
2019,2,23,7,5.63
2019,2,24,1,5.63
2019,2,25,2,5.63
2019,2,26,3,5.63
2019,2,27,4,5.63
2019,2,28,5,5.63
2019,3,1,6,5.63
2019,3,2,7,5.63
2019,3,3,1,5.63
2019,3,4,2,5.63
2019,3,5,3,5.63
2019,3,6,4,5.63
2019,3,7,5,5.63
2019,3,8,6,5.63
2019,3,9,7,5.63
2019,3,10,1,5.63
2019,3,11,2,5.63
2019,3,12,3,5.63
2019,3,13,4,5.63
